neighbourhood_group,neighbourhood
,Algiers Point
,Audubon
,Bayou St. John
,Behrman
,Black Pearl
,Broadmoor
,B. W. Cooper
,Bywater
,Central Business District
,Central City
,City Park
,Desire Area
,Dillard
,Dixon
,East Carrollton
,East Riverside
,Fairgrounds
,Fillmore
,Fischer Dev
,Florida Area
,Florida Dev
,French Quarter
,Freret
,Garden District
,Gentilly Terrace
,Gentilly Woods
,Gert Town
,Hollygrove
,Holy Cross
,Iberville
,Irish Channel
,Lake Catherine
,Lakeshore - Lake Vista
,Lake Terrace & Oaks
,Lakeview
,Lakewood
,Leonidas
,Little Woods
,Lower Garden District
,Lower Ninth Ward
,Marigny
,Marlyville - Fontainbleau
,Mcdonogh
,Mid-City
,Milan
,Milneburg
,Navarre
,New Aurora - English Turn
,Old Aurora
,Pines Village
,Plum Orchard
,Pontchartrain Park
,Read Blvd East
,Read Blvd West
,Seventh Ward
,St.  Anthony
,St. Bernard Area
,St. Claude
,St. Roch
,St. Thomas Dev
,Tall Timbers - Brechtel
,Touro
,Treme - Lafitte
,Tulane - Gravier
,Uptown
,U.S. Naval Base
,Viavant - Venetian Isles
,Village De Lest
,West End
,West Lake Forest
,West Riverside
,Whitney
